id,first_name,last_name,email,gender,ip_address
1,De witt,Toten,dtoten0@youku.com,Male,29.240.225.105
2,Daron,Erb,derb1@cyberchimps.com,Non-binary,151.205.79.210
3,Rosalie,Enrico,renrico2@merriam-webster.com,Female,230.72.205.231
4,Priscella,Jina,pjina3@ameblo.jp,Female,41.177.54.41
5,Bryna,Bremmer,bbremmer4@ameblo.jp,Genderqueer,85.170.155.125
6,Ameline,McGettrick,amcgettrick5@livejournal.com,Female,171.49.244.139
7,Gerri,Kelle,gkelle6@jigsy.com,Genderfluid,130.162.103.10
8,Lowrance,Andersen,landersen7@yahoo.com,Male,219.72.44.224
9,Sharon,Woolam,swoolam8@de.vu,Genderfluid,54.185.184.30
10,Cherilynn,Petrowsky,cpetrowsky9@bloglines.com,Female,132.48.46.50
11,Lalo,McFade,lmcfadea@php.net,Genderqueer,14.28.43.222
12,Jeanna,Venard,jvenardb@vkontakte.ru,Female,196.117.57.56
13,Edsel,Avramovitz,eavramovitzc@yahoo.com,Male,133.55.43.129
14,Silvester,Sleath,ssleathd@amazon.com,Male,101.110.127.233
15,Dewitt,Bevan,dbevane@comcast.net,Male,49.60.84.92
16,Tanny,Robertet,trobertetf@salon.com,Male,180.225.218.122
17,Collen,Garlicke,cgarlickeg@tinyurl.com,Female,109.107.221.107
18,Amos,Cerman,acermanh@mail.ru,Male,149.24.171.31
19,Jacki,Idiens,jidiensi@yolasite.com,Female,219.7.241.57
20,Conroy,Benoix,cbenoixj@devhub.com,Male,0.102.183.34
21,Lenora,Wardley,lwardleyk@japanpost.jp,Female,248.31.75.204
22,Reggy,Reiling,rreilingl@surveymonkey.com,Male,121.186.26.28
23,Byrle,Benfield,bbenfieldm@deliciousdays.com,Male,255.121.132.18
24,Annabelle,Troyes,atroyesn@hp.com,Agender,35.98.138.16
25,Isadore,Mountney,imountneyo@alibaba.com,Male,217.81.121.232
26,Reed,Pinkett,rpinkettp@comcast.net,Male,23.249.177.214
27,Hans,Arrigucci,harrigucciq@xrea.com,Male,89.83.7.36
28,Loutitia,MacMenamin,lmacmenaminr@sourceforge.net,Female,172.149.228.157
29,Jobye,Whaymand,jwhaymands@nba.com,Female,207.253.198.241
30,Teador,Haggard,thaggardt@army.mil,Male,118.92.87.156
31,Gisella,Collelton,gcolleltonu@exblog.jp,Female,14.54.77.188
32,Reinhold,Skirvin,rskirvinv@behance.net,Male,230.191.38.250
33,Kathye,Du Barry,kdubarryw@google.es,Female,198.3.253.63
34,Madel,Roseblade,mrosebladex@oakley.com,Female,106.49.24.189
35,Norry,Joan,njoany@surveymonkey.com,Male,165.131.25.196
36,Crystal,Buxam,cbuxamz@4shared.com,Female,182.19.9.6
37,Chloette,Walch,cwalch10@mapy.cz,Female,63.19.255.4
38,Ray,Mooreed,rmooreed11@cpanel.net,Female,176.160.244.169
39,Bev,Hovell,bhovell12@hostgator.com,Female,34.183.57.246
40,Dionisio,Woollcott,dwoollcott13@tinyurl.com,Male,42.192.57.64
41,Mord,Dawid,mdawid14@yale.edu,Male,59.106.242.167
42,Albina,Dayborne,adayborne15@ezinearticles.com,Female,127.97.4.109
43,Dorry,Ida,dida16@newsvine.com,Female,28.34.1.146
44,Salvador,Rickertsen,srickertsen17@hostgator.com,Male,162.112.88.71
45,Almeta,Rothchild,arothchild18@facebook.com,Female,156.218.90.214
46,Flint,O'Lennachain,folennachain19@springer.com,Male,115.16.137.212
47,Wynnie,Rack,wrack1a@google.pl,Female,117.58.60.4
48,Merline,Zimek,mzimek1b@amazon.co.jp,Agender,159.112.143.206
49,Melinde,Batter,mbatter1c@google.nl,Female,148.141.110.69
50,Yovonnda,Balding,ybalding1d@army.mil,Female,13.16.40.228
51,Ileana,Beviss,ibeviss1e@privacy.gov.au,Female,31.246.98.218
52,Malissa,Idell,midell1f@163.com,Female,168.12.193.86
53,Leontyne,Van de Vlies,lvandevlies1g@accuweather.com,Female,146.141.157.82
54,Neala,Rainard,nrainard1h@aboutads.info,Female,152.88.76.177
55,Robin,Roussel,rroussel1i@linkedin.com,Male,67.203.84.112
56,Ange,Phillpot,aphillpot1j@yolasite.com,Male,36.153.125.191
57,Colver,Jollye,cjollye1k@netlog.com,Male,134.92.28.63
58,Gardy,Sinnott,gsinnott1l@uol.com.br,Male,220.66.159.23
59,Morganne,Farrans,mfarrans1m@paypal.com,Female,240.142.134.254
60,Brenda,Graal,bgraal1n@edublogs.org,Female,66.149.34.166
61,Amalee,Roussel,aroussel1o@nasa.gov,Female,180.217.90.87
62,Di,Blampy,dblampy1p@huffingtonpost.com,Genderfluid,28.130.11.229
63,Bren,Blacksland,bblacksland1q@freewebs.com,Male,133.5.120.33
64,Amerigo,Igoe,aigoe1r@epa.gov,Male,176.10.178.11
65,Tirrell,Sandham,tsandham1s@nytimes.com,Male,64.228.45.119
66,Horten,Monni,hmonni1t@mlb.com,Male,95.0.249.234
67,Frayda,Ridolfo,fridolfo1u@google.nl,Female,106.117.229.208
68,Felisha,Annion,fannion1v@de.vu,Genderfluid,52.129.154.237
69,Jana,Jain,jjain1w@slashdot.org,Female,208.236.219.46
70,Edvard,McGahy,emcgahy1x@squidoo.com,Male,7.72.76.194
71,Camellia,Bellchamber,cbellchamber1y@google.ru,Female,139.2.168.23
72,Dennie,Gillbe,dgillbe1z@skype.com,Male,33.39.34.85
73,Justis,Haughan,jhaughan20@lulu.com,Male,209.168.76.41
74,Farica,Heamus,fheamus21@networkadvertising.org,Agender,5.180.124.166
75,Letty,Garth,lgarth22@eepurl.com,Female,26.55.195.204
76,Bari,Witcombe,bwitcombe23@usgs.gov,Female,13.134.77.89
77,Clemente,Gerrietz,cgerrietz24@dion.ne.jp,Male,124.200.136.233
78,Carey,Tabart,ctabart25@cnbc.com,Female,148.137.185.226
79,Solly,Luetkemeyers,sluetkemeyers26@narod.ru,Male,15.77.66.66
80,Aeriela,Dallan,adallan27@stanford.edu,Female,22.220.181.177
81,Darrick,Coursor,dcoursor28@g.co,Male,146.29.232.52
82,Ludwig,Porte,lporte29@comsenz.com,Male,90.131.247.157
83,Shaylyn,Durnall,sdurnall2a@nih.gov,Female,191.91.219.107
84,Darelle,Stanes,dstanes2b@dyndns.org,Female,50.156.90.206
85,Raimundo,Boreham,rboreham2c@howstuffworks.com,Male,221.90.173.79
86,Xymenes,Matussov,xmatussov2d@psu.edu,Male,197.245.213.46
87,Etty,Jerwood,ejerwood2e@prweb.com,Female,44.23.96.170
88,Margo,Neads,mneads2f@hibu.com,Female,200.121.183.211
89,Hurleigh,Well,hwell2g@biblegateway.com,Male,93.58.141.151
90,Neall,Tunnow,ntunnow2h@amazon.co.uk,Male,204.160.105.237
91,Cicely,Bernocchi,cbernocchi2i@photobucket.com,Female,129.245.33.140
92,Alethea,Lifton,alifton2j@indiatimes.com,Female,55.93.234.184
93,Morris,Westrip,mwestrip2k@skyrock.com,Male,87.167.69.222
94,Myrna,Forsdyke,mforsdyke2l@is.gd,Female,42.142.57.166
95,Laurella,Sharphurst,lsharphurst2m@stanford.edu,Female,21.149.204.240
96,Barrett,Thirlwell,bthirlwell2n@drupal.org,Male,37.7.123.230
97,Barbaraanne,McCory,bmccory2o@fda.gov,Female,226.49.133.113
98,Marshall,Aizik,maizik2p@phpbb.com,Male,131.191.134.100
99,Marcelia,Fockes,mfockes2q@usnews.com,Female,19.100.176.116
100,Abelard,Laux,alaux2r@accuweather.com,Male,175.165.109.218
101,Eldin,Slyme,eslyme2s@illinois.edu,Male,143.168.164.12
102,Ernest,Muckeen,emuckeen2t@icq.com,Male,102.30.22.21
103,Joaquin,Micklem,jmicklem2u@histats.com,Genderqueer,94.171.252.96
104,Zachery,Holyland,zholyland2v@freewebs.com,Male,27.65.109.38
105,Fernandina,Collingham,fcollingham2w@amazon.co.jp,Female,76.112.46.183
106,Lowell,Stoate,lstoate2x@aboutads.info,Male,11.88.9.33
107,Arturo,Gully,agully2y@japanpost.jp,Male,239.74.53.229
108,Appolonia,Carlyle,acarlyle2z@blogspot.com,Polygender,159.0.232.131
109,Otho,Brimfield,obrimfield30@state.tx.us,Male,197.129.135.156
110,Claudette,Larret,clarret31@latimes.com,Polygender,121.21.60.12
111,Adam,Shaves,ashaves32@ehow.com,Male,102.133.47.135
112,Chicky,Whipp,cwhipp33@google.com.hk,Male,128.84.38.65
113,Margaux,Raymond,mraymond34@globo.com,Female,239.241.89.217
114,Taddeusz,Feenan,tfeenan35@si.edu,Male,82.206.229.63
115,Vidovic,Brimner,vbrimner36@apple.com,Male,47.157.39.178
116,Zandra,Swaysland,zswaysland37@google.ru,Agender,220.87.199.227
117,Cristiano,Shambroke,cshambroke38@alibaba.com,Male,146.208.154.60
118,Cord,Keems,ckeems39@intel.com,Male,214.234.221.19
119,Julienne,Heed,jheed3a@xrea.com,Bigender,175.144.249.114
120,Poppy,Thunderman,pthunderman3b@sakura.ne.jp,Female,238.46.224.80
121,Erica,Burhill,eburhill3c@sciencedaily.com,Female,43.2.136.152
122,Prudy,Demageard,pdemageard3d@51.la,Female,176.62.192.40
123,Frederigo,Cure,fcure3e@timesonline.co.uk,Male,49.78.78.201
124,Garner,Pascoe,gpascoe3f@usda.gov,Male,156.191.78.60
125,Abrahan,Valadez,avaladez3g@harvard.edu,Genderqueer,196.18.56.102
126,Stafford,Chadbourn,schadbourn3h@geocities.com,Polygender,150.90.245.159
127,Englebert,Allardyce,eallardyce3i@tiny.cc,Male,117.56.177.1
128,Worthy,Coldbreath,wcoldbreath3j@un.org,Male,206.119.41.81
129,Ryun,Fuzzey,rfuzzey3k@goo.ne.jp,Male,0.250.138.22
130,Papagena,Wileman,pwileman3l@elegantthemes.com,Female,124.175.94.45
131,Lilith,Moyle,lmoyle3m@4shared.com,Female,0.167.33.94
132,Carlie,Keeney,ckeeney3n@ucoz.com,Male,60.194.103.82
133,Toddie,Cozby,tcozby3o@tmall.com,Male,49.59.6.10
134,Tarrah,Fotheringham,tfotheringham3p@sfgate.com,Female,30.60.128.117
135,Honoria,Caudrelier,hcaudrelier3q@canalblog.com,Female,203.123.83.42
136,Carny,Deniseau,cdeniseau3r@infoseek.co.jp,Agender,213.82.212.160
137,Claudette,Mordanti,cmordanti3s@prnewswire.com,Female,155.230.219.37
138,Guthrie,Zwicker,gzwicker3t@aboutads.info,Male,125.225.81.150
139,Cart,Olech,colech3u@cnn.com,Male,33.174.157.60
140,Noble,Cawson,ncawson3v@bbc.co.uk,Male,238.202.221.239
141,Hadria,Radbond,hradbond3w@istockphoto.com,Polygender,79.24.16.2
142,Hilly,Duthy,hduthy3x@google.com.au,Male,31.240.6.234
143,Chevy,Loghan,cloghan3y@squarespace.com,Male,212.254.178.140
144,Osbourne,Lapidus,olapidus3z@simplemachines.org,Male,249.250.14.31
145,Kaiser,Musterd,kmusterd40@livejournal.com,Male,70.166.154.114
146,Sydel,Hansed,shansed41@time.com,Female,23.139.186.223
147,Wrennie,Jain,wjain42@devhub.com,Female,183.13.103.98
148,Ingrid,Greves,igreves43@geocities.jp,Female,44.97.48.244
149,Kitty,Stonary,kstonary44@wsj.com,Female,86.153.249.113
150,Nerta,Trymme,ntrymme45@pinterest.com,Female,183.20.95.8
151,Katherina,Tock,ktock46@eventbrite.com,Female,132.90.41.142
152,Alister,Isworth,aisworth47@weebly.com,Male,223.243.253.32
153,Evelin,Lowdiane,elowdiane48@indiatimes.com,Male,6.121.17.90
154,Perceval,Imlock,pimlock49@prnewswire.com,Male,79.68.234.235
155,Farrell,Kiwitz,fkiwitz4a@google.com.au,Male,48.181.64.53
156,Harrie,Mahody,hmahody4b@bluehost.com,Female,205.199.137.151
157,Grier,Albrook,galbrook4c@utexas.edu,Female,174.135.101.56
158,Odey,Edington,oedington4d@taobao.com,Male,119.113.132.229
159,Amelina,Morando,amorando4e@last.fm,Female,215.169.42.189
160,Petronella,Henrichs,phenrichs4f@wikipedia.org,Female,220.199.194.40
161,Harley,Sambals,hsambals4g@over-blog.com,Female,109.192.214.131
162,Mureil,Doogood,mdoogood4h@nymag.com,Female,16.61.50.46
163,Bran,Parysiak,bparysiak4i@ovh.net,Male,57.210.139.33
164,Halsy,Haucke,hhaucke4j@google.co.jp,Male,254.139.29.158
165,Godwin,Pregel,gpregel4k@sogou.com,Male,8.73.2.33
166,Osgood,Weeds,oweeds4l@chron.com,Male,134.138.65.155
167,Marietta,Pickrell,mpickrell4m@printfriendly.com,Female,8.145.23.90
168,Bertina,Chattey,bchattey4n@narod.ru,Female,48.229.215.3
169,Lorry,Harriss,lharriss4o@themeforest.net,Male,203.37.57.107
170,Vladimir,Woodruff,vwoodruff4p@ifeng.com,Male,241.87.215.162
171,Evelyn,Cahillane,ecahillane4q@europa.eu,Genderfluid,20.148.70.138
172,Ruddie,Askaw,raskaw4r@ehow.com,Male,246.95.226.139
173,Kayla,Bugdall,kbugdall4s@reverbnation.com,Female,54.128.191.225
174,Rhonda,Cleaver,rcleaver4t@boston.com,Female,119.184.82.49
175,Elfrida,Kayley,ekayley4u@mozilla.com,Female,150.221.60.164
176,Lona,Lambertson,llambertson4v@dmoz.org,Female,216.83.247.193
177,Arturo,Landrick,alandrick4w@macromedia.com,Male,251.164.217.38
178,Marty,Endersby,mendersby4x@marketwatch.com,Male,92.41.145.33
179,Lindsey,Bleackley,lbleackley4y@bandcamp.com,Female,178.245.221.160
180,Rinaldo,Loader,rloader4z@themeforest.net,Male,217.195.115.75
181,Johannah,Glowinski,jglowinski50@plala.or.jp,Female,194.240.113.80
182,Ginger,Pellew,gpellew51@bing.com,Male,11.214.47.159
183,Alvis,Denyagin,adenyagin52@usda.gov,Genderfluid,121.113.238.121
184,Alameda,Maskrey,amaskrey53@wikispaces.com,Female,232.59.4.39
185,Danika,Cotes,dcotes54@marketwatch.com,Female,127.132.250.32
186,Kinny,Myrie,kmyrie55@springer.com,Male,147.125.212.159
187,Rebeka,Waumsley,rwaumsley56@networksolutions.com,Female,154.120.56.241
188,Chadwick,Standage,cstandage57@biglobe.ne.jp,Agender,77.87.177.231
189,Isadora,Keelan,ikeelan58@seattletimes.com,Female,155.117.78.237
190,Nickolai,Bumby,nbumby59@soup.io,Male,27.63.49.127
191,Quent,Daniau,qdaniau5a@earthlink.net,Male,210.39.154.139
192,Cher,McGuinness,cmcguinness5b@soup.io,Female,144.128.192.64
193,Blake,Tucknutt,btucknutt5c@delicious.com,Female,27.10.175.111
194,Kaia,Chatband,kchatband5d@uol.com.br,Female,105.125.15.41
195,Meridith,Seston,mseston5e@abc.net.au,Female,77.240.7.58
196,Noach,Dorney,ndorney5f@bluehost.com,Genderqueer,178.90.253.156
197,Antoni,Hegges,ahegges5g@thetimes.co.uk,Male,106.159.184.20
198,Candie,Gitting,cgitting5h@uol.com.br,Female,251.143.79.48
199,Roi,Buckthorpe,rbuckthorpe5i@virginia.edu,Male,153.19.219.185
200,Luke,Marchello,lmarchello5j@sogou.com,Male,177.133.91.40
201,Rodolph,Wellington,rwellington5k@behance.net,Male,246.139.83.199
202,Saba,Winridge,swinridge5l@about.me,Female,91.56.220.25
203,Mei,Edeler,medeler5m@networksolutions.com,Female,31.183.133.191
204,Orelle,Braundt,obraundt5n@list-manage.com,Female,13.179.92.101
205,Lari,Easlea,leaslea5o@photobucket.com,Female,226.82.242.127
206,Mozelle,Swede,mswede5p@wikia.com,Female,254.200.70.206
207,Wayne,Leborgne,wleborgne5q@sourceforge.net,Male,135.255.43.95
208,Ermina,Vautre,evautre5r@google.com.au,Female,144.101.124.197
209,Deina,Solley,dsolley5s@deviantart.com,Female,97.166.94.55
210,Almire,Castelluzzi,acastelluzzi5t@arstechnica.com,Female,180.85.254.211
211,Nicola,Kestell,nkestell5u@spiegel.de,Male,190.31.9.140
212,Any,Torbard,atorbard5v@tiny.cc,Genderqueer,99.201.63.119
213,Alice,Linstead,alinstead5w@ed.gov,Female,81.35.93.102
214,Ellyn,Tembey,etembey5x@technorati.com,Female,125.73.54.252
215,Ferdinande,Buswell,fbuswell5y@ca.gov,Female,235.18.218.216
216,Christiana,Clarson,cclarson5z@geocities.jp,Female,235.74.14.47
217,Vincenz,Isaq,visaq60@themeforest.net,Male,229.112.102.206
218,Patrice,Covert,pcovert61@google.co.uk,Male,175.33.224.6
219,Howey,Smoughton,hsmoughton62@fema.gov,Male,193.196.182.59
220,Elysee,Coyish,ecoyish63@narod.ru,Female,1.31.156.179
221,Karin,Calcut,kcalcut64@dropbox.com,Female,115.35.55.57
222,Stefania,Cypler,scypler65@time.com,Female,8.159.86.200
223,Mateo,Loveitt,mloveitt66@timesonline.co.uk,Male,237.94.155.219
224,Trina,Holley,tholley67@yahoo.com,Female,206.64.227.247
225,Bond,Crayk,bcrayk68@earthlink.net,Male,73.184.241.10
226,Kyle,Flewitt,kflewitt69@biblegateway.com,Male,20.239.117.101
227,Elston,Braksper,ebraksper6a@mashable.com,Male,11.255.23.156
228,Korry,Ruffle,kruffle6b@uiuc.edu,Female,183.120.220.81
229,Noble,Spenceley,nspenceley6c@ucoz.com,Male,97.238.238.6
230,Dew,Campanelle,dcampanelle6d@cbslocal.com,Polygender,51.148.202.120
231,Jordon,Van Arsdall,jvanarsdall6e@rambler.ru,Male,172.72.230.89
232,Karlis,Gapp,kgapp6f@ucoz.com,Male,5.92.189.124
233,Heloise,Dupey,hdupey6g@nydailynews.com,Female,159.151.233.60
234,Englebert,Buston,ebuston6h@purevolume.com,Male,154.65.65.147
235,Wakefield,Matzkaitis,wmatzkaitis6i@chron.com,Male,16.65.27.173
236,Geneva,Pavolini,gpavolini6j@opera.com,Female,207.40.208.140
237,Ole,Manuelli,omanuelli6k@washington.edu,Male,108.51.46.125
238,Margret,Cominoli,mcominoli6l@sourceforge.net,Female,220.68.169.92
239,Freida,Swinn,fswinn6m@yale.edu,Female,207.171.218.185
240,Naomi,Proudler,nproudler6n@java.com,Female,156.150.126.53
241,Page,Antuk,pantuk6o@yellowpages.com,Female,134.58.188.144
242,Violante,Wandtke,vwandtke6p@squarespace.com,Female,3.32.173.74
243,Powell,Tancock,ptancock6q@surveymonkey.com,Bigender,168.140.84.173
244,Anjanette,Floyde,afloyde6r@bing.com,Female,202.27.13.152
245,Thatch,Dowty,tdowty6s@latimes.com,Male,210.223.50.1
246,Iain,Eliaz,ieliaz6t@statcounter.com,Bigender,19.253.167.9
247,Burnaby,Cornbill,bcornbill6u@cam.ac.uk,Male,215.171.255.218
248,Conn,Millar,cmillar6v@pagesperso-orange.fr,Male,92.204.165.83
249,Windham,Quaintance,wquaintance6w@bloomberg.com,Male,112.205.246.23
250,Kania,Hedlestone,khedlestone6x@prnewswire.com,Female,231.13.61.77
251,Dalis,Allanson,dallanson6y@1und1.de,Male,88.175.234.151
252,Donavon,Bazire,dbazire6z@apache.org,Male,72.47.105.122
253,Consuela,Marcinkus,cmarcinkus70@amazon.de,Female,146.237.228.219
254,Von,Mowne,vmowne71@sogou.com,Male,83.67.143.91
255,Abbye,Cocher,acocher72@reverbnation.com,Female,212.141.185.237
256,Garvin,Gabitis,ggabitis73@bizjournals.com,Male,11.15.41.11
257,Nicolis,Niland,nniland74@europa.eu,Male,22.152.244.66
258,Garrek,Rigglesford,grigglesford75@canalblog.com,Male,232.85.18.88
259,Ann-marie,MacAlpin,amacalpin76@wp.com,Female,107.252.69.203
260,Delmar,Thibodeaux,dthibodeaux77@wordpress.com,Male,222.160.205.236
261,Owen,Saveall,osaveall78@yelp.com,Male,105.153.107.185
262,Kilian,Trevenu,ktrevenu79@joomla.org,Agender,23.106.178.156
263,Carma,O'Sheerin,cosheerin7a@cisco.com,Female,57.119.80.243
264,Erika,Heindrich,eheindrich7b@gmpg.org,Female,48.13.129.252
265,Broddie,Dupoy,bdupoy7c@cnn.com,Male,157.205.198.115
266,Anson,Klaves,aklaves7d@diigo.com,Male,75.72.139.75
267,Goldi,Kinnon,gkinnon7e@wisc.edu,Female,177.148.254.214
268,Isador,McFade,imcfade7f@cargocollective.com,Male,63.37.128.173
269,Romola,MacDearmont,rmacdearmont7g@mozilla.com,Female,55.42.213.99
270,Zacharia,Beardall,zbeardall7h@rediff.com,Male,122.88.124.187
271,Lena,Fagence,lfagence7i@aboutads.info,Female,149.228.237.48
272,Ebonee,Piatto,epiatto7j@sogou.com,Female,111.239.40.74
273,Susana,Phillipson,sphillipson7k@economist.com,Female,139.75.100.242
274,Blanche,Drinan,bdrinan7l@dyndns.org,Agender,141.37.75.188
275,Ernesto,Burnyeat,eburnyeat7m@walmart.com,Male,231.146.19.137
276,Josi,Pipet,jpipet7n@trellian.com,Female,61.153.141.9
277,Mylo,Cargo,mcargo7o@google.co.uk,Male,42.217.162.150
278,Bartholomeo,Cushe,bcushe7p@google.ru,Male,188.53.228.233
279,Say,Gooders,sgooders7q@php.net,Male,144.156.180.121
280,Roosevelt,Alexsandrovich,ralexsandrovich7r@wiley.com,Male,204.185.190.255
281,Conny,Meese,cmeese7s@dell.com,Female,110.40.214.251
282,Inger,Laing,ilaing7t@nbcnews.com,Female,204.69.147.125
283,Alexine,McAreavey,amcareavey7u@craigslist.org,Female,210.109.156.238
284,Filia,Leipold,fleipold7v@msn.com,Agender,185.7.177.84
285,Marwin,Lawly,mlawly7w@arizona.edu,Male,95.20.159.80
286,Petunia,Huggill,phuggill7x@cdbaby.com,Female,82.59.79.99
287,Rosita,De la Barre,rdelabarre7y@weebly.com,Female,109.42.50.9
288,Serge,Elce,selce7z@microsoft.com,Male,186.239.180.73
289,Conney,Measor,cmeasor80@nyu.edu,Male,26.229.122.187
290,Hali,Cordoba,hcordoba81@intel.com,Female,197.7.189.155
291,Mitzi,Beteriss,mbeteriss82@npr.org,Female,96.186.71.29
292,Julius,Tommasetti,jtommasetti83@fotki.com,Male,204.184.42.132
293,Nappy,Baldree,nbaldree84@tuttocitta.it,Male,157.23.96.163
294,Ennis,Bassam,ebassam85@foxnews.com,Male,197.1.255.115
295,Derwin,Jeannaud,djeannaud86@wordpress.org,Male,200.203.178.195
296,Paulette,Lante,plante87@linkedin.com,Female,11.26.61.47
297,Giovanna,Meyrick,gmeyrick88@xinhuanet.com,Female,204.0.68.65
298,Eb,Bullier,ebullier89@wisc.edu,Male,220.133.198.80
299,Darrell,McVity,dmcvity8a@creativecommons.org,Male,155.219.36.91
300,Ruthanne,Caller,rcaller8b@businessinsider.com,Female,118.173.218.216
301,Flynn,Withey,fwithey8c@illinois.edu,Male,222.14.19.96
302,Reidar,Jakes,rjakes8d@posterous.com,Genderfluid,223.216.91.121
303,Keir,Hindenberger,khindenberger8e@constantcontact.com,Male,238.15.191.64
304,Tanitansy,Shacklady,tshacklady8f@flickr.com,Female,156.195.23.224
305,Lea,Drache,ldrache8g@nature.com,Female,31.52.244.5
306,Henrik,Rowell,hrowell8h@jalbum.net,Male,209.116.241.180
307,Carri,Stoppe,cstoppe8i@vkontakte.ru,Female,174.203.51.19
308,Edgardo,Winney,ewinney8j@google.ru,Male,220.145.177.45
309,Eal,Wabe,ewabe8k@disqus.com,Genderfluid,39.72.204.30
310,Thomasin,MacRirie,tmacririe8l@taobao.com,Female,147.200.169.46
311,Morgen,Meiner,mmeiner8m@bloglovin.com,Female,28.83.141.216
312,Conrad,Heart,cheart8n@tripod.com,Non-binary,2.87.71.23
313,Barnaby,Tansley,btansley8o@ox.ac.uk,Male,59.237.177.94
314,Zahara,Barkley,zbarkley8p@discuz.net,Female,233.160.6.155
315,Elmore,Masarrat,emasarrat8q@facebook.com,Male,217.180.79.78
316,Arnaldo,Moffatt,amoffatt8r@paginegialle.it,Male,191.166.241.122
317,Chrystel,Osbaldeston,cosbaldeston8s@google.co.uk,Female,232.226.49.192
318,Rawley,Camous,rcamous8t@163.com,Male,215.147.226.204
319,Correy,Obern,cobern8u@yelp.com,Female,229.164.41.242
320,Tore,Bolliver,tbolliver8v@si.edu,Male,132.177.138.3
321,Yale,Foulger,yfoulger8w@icq.com,Male,43.3.48.14
322,Clayson,Skirrow,cskirrow8x@marriott.com,Male,113.215.205.219
323,Chaunce,Crauford,ccrauford8y@thetimes.co.uk,Polygender,23.215.30.44
324,Kamillah,Moorman,kmoorman8z@ihg.com,Female,202.213.222.192
325,Kellsie,Kinde,kkinde90@lulu.com,Female,25.225.130.147
326,Leora,Barrar,lbarrar91@icio.us,Female,221.47.123.130
327,Ariel,Geddes,ageddes92@microsoft.com,Male,178.218.65.10
328,Mina,Aland,maland93@dyndns.org,Female,145.210.79.178
329,Janos,Soulsby,jsoulsby94@springer.com,Male,143.195.213.104
330,Mile,Erangy,merangy95@sohu.com,Male,95.15.126.65
331,Des,Lottrington,dlottrington96@prnewswire.com,Male,223.33.95.102
332,Bartolomeo,Gatteridge,bgatteridge97@msn.com,Male,237.36.169.185
333,Dillon,Neenan,dneenan98@shinystat.com,Male,150.127.151.62
334,Kassey,McCotter,kmccotter99@1688.com,Female,58.231.18.18
335,Tricia,Campbell,tcampbell9a@wordpress.com,Female,219.68.99.56
336,Dunstan,Towl,dtowl9b@dell.com,Male,86.28.121.148
337,Darya,Mabb,dmabb9c@squidoo.com,Female,52.181.207.125
338,Averill,Isabell,aisabell9d@phpbb.com,Male,235.252.2.137
339,Golda,Vaskin,gvaskin9e@pinterest.com,Genderfluid,153.129.32.171
340,Dion,McMurthy,dmcmurthy9f@dmoz.org,Female,8.73.55.37
341,Judie,Dahl,jdahl9g@spotify.com,Female,153.51.147.171
342,Andrus,Bridewell,abridewell9h@stumbleupon.com,Genderqueer,255.242.126.12
343,Irvine,Garroway,igarroway9i@scribd.com,Male,149.58.16.184
344,Ogdan,Hazeup,ohazeup9j@marriott.com,Male,95.35.231.18
345,Esmaria,Melburg,emelburg9k@aboutads.info,Agender,49.175.172.39
346,Marys,Schoffel,mschoffel9l@tripadvisor.com,Female,210.71.139.32
347,Neile,Wewell,nwewell9m@wsj.com,Female,60.95.22.193
348,Eileen,Fochs,efochs9n@uiuc.edu,Female,41.179.41.93
349,Cassondra,Hacon,chacon9o@netvibes.com,Female,232.144.146.21
350,Donetta,Hauxby,dhauxby9p@nifty.com,Non-binary,213.240.219.6
351,Ozzie,Broader,obroader9q@yahoo.co.jp,Male,149.101.204.218
352,Dorette,Jankovsky,djankovsky9r@behance.net,Female,65.252.159.23
353,Latrina,Whewell,lwhewell9s@microsoft.com,Female,208.103.132.56
354,Lewiss,Jannex,ljannex9t@ehow.com,Male,240.15.102.69
355,Tades,Aickin,taickin9u@paypal.com,Male,100.225.79.138
356,Fifi,Goom,fgoom9v@acquirethisname.com,Female,149.50.58.172
357,Trixi,Rivlin,trivlin9w@tmall.com,Female,171.149.144.214
358,Steffie,Surby,ssurby9x@intel.com,Female,36.236.141.134
359,Rooney,Pittendreigh,rpittendreigh9y@marketwatch.com,Male,61.222.39.223
360,Austen,Pile,apile9z@printfriendly.com,Male,230.225.226.158
361,Dolorita,Wither,dwithera0@deliciousdays.com,Female,147.87.67.232
362,Ariana,Flohard,afloharda1@feedburner.com,Female,151.128.114.248
363,Mady,Seyers,mseyersa2@booking.com,Female,181.239.227.135
364,Devinne,Veck,dvecka3@clickbank.net,Female,44.1.108.131
365,Daisy,Kimbling,dkimblinga4@howstuffworks.com,Female,165.254.20.178
366,Ali,Lemasney,alemasneya5@bloglovin.com,Female,212.36.238.44
367,Abbey,Barraclough,abarraclougha6@mediafire.com,Male,173.140.109.55
368,Bill,Bramer,bbramera7@xrea.com,Male,187.67.12.28
369,Cam,O'Grada,cogradaa8@csmonitor.com,Female,17.2.244.34
370,Cornelius,Jado,cjadoa9@eepurl.com,Male,147.67.70.48
371,Aron,Bellany,abellanyaa@prweb.com,Male,222.243.195.104
372,Tommy,Cornewall,tcornewallab@goodreads.com,Polygender,0.183.218.39
373,Andromache,Pinkard,apinkardac@dedecms.com,Female,232.227.88.1
374,Pip,Colaco,pcolacoad@bluehost.com,Male,86.81.0.28
375,Stevie,Chansonne,schansonneae@dot.gov,Male,239.131.241.163
376,Zachariah,Bielfelt,zbielfeltaf@baidu.com,Male,36.137.18.151
377,Margaret,Witheford,mwithefordag@rambler.ru,Female,246.12.236.110
378,Ardis,Newey,aneweyah@ca.gov,Female,150.20.24.80
379,Jaymie,Beames,jbeamesai@so-net.ne.jp,Male,60.37.158.190
380,Carly,Redon,credonaj@ow.ly,Female,54.45.164.142
381,Kylynn,Maun,kmaunak@fotki.com,Non-binary,145.143.34.133
382,Goldi,Yakovlev,gyakovleval@360.cn,Genderfluid,75.64.140.185
383,Ichabod,Renton,irentonam@illinois.edu,Male,163.184.94.93
384,Naoma,Perview,nperviewan@ow.ly,Female,41.38.35.89
385,Mei,Jacques,mjacquesao@tmall.com,Female,157.149.153.117
386,Bonnibelle,Ellershaw,bellershawap@google.ca,Female,176.85.107.53
387,Florida,Challinor,fchallinoraq@is.gd,Polygender,199.44.94.4
388,Ritchie,Gavrielli,rgavrielliar@youtu.be,Male,129.119.217.82
389,Kizzie,Livezey,klivezeyas@woothemes.com,Female,247.62.96.135
390,Skipton,Kellen,skellenat@discuz.net,Male,107.185.119.78
391,Alida,Martinolli,amartinolliau@cocolog-nifty.com,Female,165.63.236.11
392,Lauryn,Foucar,lfoucarav@imdb.com,Female,3.52.242.226
393,Rhona,Boothebie,rboothebieaw@ehow.com,Female,135.71.242.217
394,Marys,Dailey,mdaileyax@prweb.com,Female,23.219.249.20
395,Roselin,Tuckley,rtuckleyay@lycos.com,Polygender,74.197.194.241
396,Esmeralda,Stoade,estoadeaz@360.cn,Female,10.56.61.52
397,Lucy,Anespie,lanespieb0@howstuffworks.com,Female,106.70.44.84
398,Carrol,Veck,cveckb1@netlog.com,Male,178.112.148.0
399,Tracie,Willshere,twillshereb2@typepad.com,Female,114.100.37.86
400,Candi,McConnel,cmcconnelb3@webnode.com,Female,177.73.111.239
401,Kermy,Logan,kloganb4@1und1.de,Male,67.210.26.85
402,Johan,Cordet,jcordetb5@dell.com,Male,76.111.129.80
403,Ab,Mousdall,amousdallb6@home.pl,Male,196.222.147.66
404,Stirling,Brimblecomb,sbrimblecombb7@myspace.com,Male,14.39.29.174
405,Damien,Peete,dpeeteb8@msu.edu,Male,125.72.168.49
406,Vladamir,Gerrels,vgerrelsb9@cornell.edu,Polygender,156.93.36.194
407,Shoshana,De Mattia,sdemattiaba@unc.edu,Female,255.161.58.101
408,Niles,Gyurko,ngyurkobb@bandcamp.com,Male,169.83.92.195
409,Dill,Bengle,dbenglebc@desdev.cn,Male,5.203.98.216
410,Marybeth,Schuricke,mschurickebd@ustream.tv,Female,140.149.38.234
411,Jaquelyn,Konig,jkonigbe@jiathis.com,Female,187.41.243.138
412,Angelina,Ginni,aginnibf@hexun.com,Female,79.5.126.226
413,Karleen,Carbin,kcarbinbg@reddit.com,Female,6.142.27.71
414,Milka,Cohen,mcohenbh@issuu.com,Female,127.81.66.244
415,Erena,Giorgi,egiorgibi@cnn.com,Female,169.6.112.241
416,Melessa,Millichap,mmillichapbj@google.com,Female,129.46.64.9
417,Nicky,Lanchberry,nlanchberrybk@accuweather.com,Male,100.87.185.218
418,Lyn,D'Errico,lderricobl@twitpic.com,Male,250.252.164.9
419,Opal,Sidebottom,osidebottombm@last.fm,Female,151.26.169.66
420,Edouard,Evans,eevansbn@infoseek.co.jp,Male,143.197.79.8
421,Elspeth,Cassel,ecasselbo@gov.uk,Female,192.101.125.154
422,Daffie,Giffkins,dgiffkinsbp@abc.net.au,Female,198.121.133.249
423,Darrin,Barkworth,dbarkworthbq@discovery.com,Male,64.52.160.43
424,Hortense,Berndsen,hberndsenbr@e-recht24.de,Female,165.145.227.219
425,Cynthie,Rookeby,crookebybs@cafepress.com,Female,212.163.123.223
426,Gladi,Boyda,gboydabt@bing.com,Female,86.43.14.223
427,Dewie,Triplow,dtriplowbu@youtube.com,Male,188.18.52.220
428,Denyse,Wybron,dwybronbv@dagondesign.com,Female,58.255.19.56
429,Ilario,Cockson,icocksonbw@shutterfly.com,Male,132.135.211.140
430,Terri-jo,Mundell,tmundellbx@biglobe.ne.jp,Female,96.204.122.62
431,Edwin,Spensley,espensleyby@cpanel.net,Male,176.170.185.89
432,Richard,Tetla,rtetlabz@tmall.com,Male,178.171.82.151
433,Abbey,Mathias,amathiasc0@microsoft.com,Genderqueer,164.75.165.99
434,Adrian,Reyes,areyesc1@weebly.com,Female,206.169.232.108
435,Paule,Ricciardelli,pricciardellic2@wired.com,Female,13.23.222.114
436,Alden,Sailor,asailorc3@usatoday.com,Male,63.115.85.130
437,Lorens,Kleinert,lkleinertc4@nymag.com,Male,160.29.227.255
438,Ynez,Weepers,yweepersc5@unc.edu,Non-binary,203.38.236.137
439,Cad,Gladding,cgladdingc6@icq.com,Male,72.58.162.93
440,Nicol,Dobie,ndobiec7@ucsd.edu,Female,28.216.129.241
441,Merissa,Rembrandt,mrembrandtc8@reference.com,Female,129.46.107.68
442,Berenice,Hartright,bhartrightc9@google.ru,Female,130.132.229.81
443,Wally,Casaccio,wcasaccioca@eepurl.com,Male,156.230.4.32
444,Ignacius,Radnage,iradnagecb@chicagotribune.com,Male,196.106.137.50
445,Raimund,Lansley,rlansleycc@whitehouse.gov,Male,250.45.52.116
446,Aldric,Thwaites,athwaitescd@engadget.com,Male,60.152.75.100
447,Garry,Cluet,gcluetce@free.fr,Male,220.174.49.116
448,Alexa,Lowery,alowerycf@msu.edu,Female,26.160.151.66
449,Evanne,Hynam,ehynamcg@cnn.com,Non-binary,151.252.125.148
450,Inge,Iddison,iiddisonch@desdev.cn,Female,188.40.35.71
451,Chase,Bradbrook,cbradbrookci@bigcartel.com,Male,127.212.215.134
452,Derby,Coaster,dcoastercj@simplemachines.org,Male,178.19.201.156
453,Verine,Matus,vmatusck@spotify.com,Female,49.251.71.143
454,Garner,Pock,gpockcl@acquirethisname.com,Male,65.221.141.100
455,Franciskus,Starkings,fstarkingscm@disqus.com,Male,31.213.234.1
456,Hanson,Burdin,hburdincn@slashdot.org,Male,48.133.111.218
457,Lincoln,Moat,lmoatco@goo.gl,Male,131.14.23.224
458,Tish,Rumbelow,trumbelowcp@slate.com,Female,27.248.155.148
459,Ainslee,Constable,aconstablecq@phoca.cz,Polygender,242.74.168.176
460,Francesco,Kender,fkendercr@freewebs.com,Male,202.130.10.166
461,Keen,Offell,koffellcs@arstechnica.com,Male,194.68.249.133
462,Randie,Setterthwait,rsetterthwaitct@utexas.edu,Male,201.182.218.59
463,Marita,Poytheras,mpoytherascu@imdb.com,Female,32.32.200.14
464,Silvia,Spring,sspringcv@hp.com,Female,189.245.237.147
465,Stillman,Clemenzi,sclemenzicw@hexun.com,Male,218.43.106.191
466,Moira,Braunle,mbraunlecx@usa.gov,Female,35.8.173.73
467,Liesa,Vaudrey,lvaudreycy@imgur.com,Female,5.44.70.70
468,Tilly,Lynett,tlynettcz@merriam-webster.com,Female,218.25.133.25
469,Brandon,Figurski,bfigurskid0@altervista.org,Male,195.157.28.154
470,Hasheem,Allard,hallardd1@yahoo.co.jp,Male,94.52.115.250
471,Phil,Flute,pfluted2@nyu.edu,Male,234.177.48.101
472,Crystie,Kelcher,ckelcherd3@reference.com,Female,182.249.250.93
473,Eadmund,Moseley,emoseleyd4@sciencedirect.com,Male,209.70.190.6
474,Weber,Goldine,wgoldined5@globo.com,Male,41.238.46.198
475,Dee,Etuck,detuckd6@berkeley.edu,Female,245.239.147.55
476,Savina,Innott,sinnottd7@lulu.com,Female,41.88.255.171
477,Katee,Saylor,ksaylord8@facebook.com,Female,117.166.187.156
478,Harlan,Gentsch,hgentschd9@weibo.com,Male,230.119.164.57
479,Maurise,Rance,mranceda@github.com,Female,118.99.177.8
480,Hasty,McDoual,hmcdoualdb@paypal.com,Male,62.114.104.200
481,Cara,Andrea,candreadc@seesaa.net,Female,205.76.140.223
482,Jamaal,McAlister,jmcalisterdd@mail.ru,Male,1.180.120.92
483,Pace,Truett,ptruettde@pagesperso-orange.fr,Male,142.224.20.39
484,Clarabelle,Skeggs,cskeggsdf@bbc.co.uk,Female,49.234.90.251
485,Marylin,Devo,mdevodg@cnet.com,Female,216.223.109.153
486,Leland,Gullick,lgullickdh@msn.com,Non-binary,184.212.159.66
487,Dexter,Kedward,dkedwarddi@dion.ne.jp,Male,129.166.134.159
488,Kipper,Byatt,kbyattdj@imageshack.us,Male,70.82.88.245
489,Dun,Schoffel,dschoffeldk@tripod.com,Genderfluid,95.183.218.161
490,Ofelia,Agglio,oaggliodl@technorati.com,Female,236.56.2.63
491,Ianthe,Barlee,ibarleedm@ed.gov,Female,139.16.199.33
492,Dalenna,Corneille,dcorneilledn@jigsy.com,Female,52.44.232.63
493,Peg,Clothier,pclothierdo@reference.com,Female,115.114.183.53
494,Virgina,Franzen,vfranzendp@ameblo.jp,Female,4.105.166.213
495,Brian,Skipper,bskipperdq@auda.org.au,Male,162.181.213.67
496,Antonius,Morrowe,amorrowedr@rambler.ru,Agender,186.189.113.90
497,Robinett,Ferier,rferierds@people.com.cn,Female,93.10.252.154
498,Goddard,Grundwater,ggrundwaterdt@paginegialle.it,Male,10.84.52.183
499,Jenna,Serginson,jserginsondu@trellian.com,Female,77.140.214.239
500,Pepe,Askam,paskamdv@sbwire.com,Male,197.139.218.16
501,Regine,Elstow,relstowdw@cocolog-nifty.com,Female,136.25.71.41
502,Demetrius,Tirrey,dtirreydx@sun.com,Male,105.101.56.49
503,La verne,Reoch,lreochdy@gravatar.com,Agender,155.147.105.152
504,Boone,Husset,bhussetdz@paginegialle.it,Male,42.23.44.80
505,Linnell,Duggen,lduggene0@altervista.org,Female,226.171.221.185
506,Maddi,Ovesen,movesene1@list-manage.com,Female,117.76.21.113
507,Guinna,Fellow,gfellowe2@economist.com,Female,217.244.138.243
508,Ludwig,Kerwood,lkerwoode3@moonfruit.com,Male,122.206.115.202
509,Trula,Prescote,tprescotee4@shop-pro.jp,Female,59.206.62.216
510,Josee,Gallichiccio,jgallichiccioe5@blogspot.com,Female,26.45.209.149
511,Calla,McCloughlin,cmccloughline6@feedburner.com,Female,243.176.82.168
512,Giusto,Holsey,gholseye7@epa.gov,Male,59.230.84.200
513,Elianore,Tanzig,etanzige8@google.pl,Female,19.129.59.164
514,Arlen,Warburton,awarburtone9@nps.gov,Male,212.240.63.105
515,Billi,Estoile,bestoileea@baidu.com,Genderfluid,145.204.214.197
516,Dallon,Piddington,dpiddingtoneb@un.org,Polygender,72.240.138.243
517,Gusty,Pordal,gpordalec@ebay.co.uk,Female,14.227.36.34
518,Noella,Freire,nfreireed@weather.com,Non-binary,184.131.29.62
519,Heath,Livens,hlivensee@blinklist.com,Female,189.127.139.38
520,Selie,Lascell,slascellef@oaic.gov.au,Female,106.235.188.232
521,Pip,Richardot,prichardoteg@angelfire.com,Male,77.107.103.21
522,Levin,Lewsy,llewsyeh@last.fm,Male,11.59.209.73
523,Allene,Pinnington,apinningtonei@geocities.com,Female,218.223.165.150
524,Cly,Orgen,corgenej@fda.gov,Polygender,153.75.242.86
525,Kerianne,Jelleman,kjellemanek@alibaba.com,Polygender,112.169.187.77
526,Rosalia,Cockett,rcockettel@wunderground.com,Female,137.102.29.238
527,Malcolm,O'Quin,moquinem@amazonaws.com,Male,95.240.107.93
528,Maddalena,Hesser,mhesseren@phoca.cz,Female,197.108.47.134
529,Sig,Brinkley,sbrinkleyeo@github.io,Male,38.40.114.211
530,Ward,Atlay,watlayep@webeden.co.uk,Male,174.87.112.70
531,Ardella,Milburne,amilburneeq@soup.io,Female,156.88.220.124
532,Patience,Duchatel,pduchateler@japanpost.jp,Female,240.21.96.146
533,Lacey,Scotchmor,lscotchmores@epa.gov,Female,65.140.17.88
534,Lorry,Aime,laimeet@ucla.edu,Genderqueer,208.117.249.3
535,Vivianna,Crooke,vcrookeeu@ow.ly,Female,47.218.44.178
536,Vassily,McNirlin,vmcnirlinev@xrea.com,Male,227.79.6.63
537,Shalne,Gaish,sgaishew@imageshack.us,Female,189.181.41.202
538,Law,Brotherhed,lbrotherhedex@instagram.com,Male,172.72.182.114
539,Veronika,Sommers,vsommersey@live.com,Female,29.104.197.38
540,Gregor,Markie,gmarkieez@sourceforge.net,Male,107.162.214.176
541,Ivory,Walsh,iwalshf0@myspace.com,Female,140.243.170.217
542,Reinaldos,Haglington,rhaglingtonf1@nyu.edu,Male,109.218.151.240
543,Farah,Iannini,fianninif2@disqus.com,Female,123.81.140.70
544,Alix,McWhannel,amcwhannelf3@imageshack.us,Male,152.58.33.86
545,Malachi,Wixon,mwixonf4@cdc.gov,Male,197.105.65.245
546,Goldy,Farnan,gfarnanf5@hatena.ne.jp,Female,242.160.52.133
547,Bax,O'Kerin,bokerinf6@who.int,Male,31.148.160.55
548,Kelci,Skipping,kskippingf7@netvibes.com,Female,212.14.238.31
549,Kristal,Blewmen,kblewmenf8@vinaora.com,Female,208.4.36.66
550,Ginevra,Swyer-Sexey,gswyersexeyf9@newsvine.com,Female,34.198.68.19
551,Gianna,Shelbourne,gshelbournefa@microsoft.com,Female,13.85.70.54
552,Juan,Lampert,jlampertfb@nyu.edu,Non-binary,127.139.209.147
553,Shanda,Nutten,snuttenfc@mozilla.org,Female,149.52.103.148
554,Sherye,Crathern,scrathernfd@paginegialle.it,Female,128.160.88.176
555,Quintin,Carberry,qcarberryfe@state.tx.us,Male,229.156.216.121
556,Elfie,Cuvley,ecuvleyff@homestead.com,Female,211.230.187.54
557,Pate,Van Velde,pvanveldefg@cpanel.net,Male,67.124.131.160
558,Darice,Conibear,dconibearfh@blogs.com,Female,69.195.12.162
559,Rad,Bringloe,rbringloefi@jalbum.net,Male,32.176.193.23
560,Torr,Celier,tcelierfj@lycos.com,Male,220.112.124.231
561,Paige,Paolazzi,ppaolazzifk@scientificamerican.com,Female,224.51.23.55
562,Franny,Kohrt,fkohrtfl@dagondesign.com,Male,245.218.103.52
563,Vonni,MacNeish,vmacneishfm@imdb.com,Female,17.147.211.17
564,Jennifer,Ahrenius,jahreniusfn@hhs.gov,Female,136.26.84.222
565,Willard,Whoston,wwhostonfo@ameblo.jp,Male,162.243.66.123
566,Vittorio,Vamplers,vvamplersfp@dion.ne.jp,Male,217.188.73.226
567,Harper,Keld,hkeldfq@cmu.edu,Male,87.163.157.156
568,Ardene,Deave,adeavefr@slate.com,Female,146.76.211.31
569,Rochester,McArd,rmcardfs@sfgate.com,Male,249.45.146.101
570,Gabrielle,Leavey,gleaveyft@themeforest.net,Polygender,14.120.20.118
571,Ebenezer,Davidavidovics,edavidavidovicsfu@usgs.gov,Male,60.120.233.157
572,Camey,Bingham,cbinghamfv@jigsy.com,Genderqueer,251.241.231.69
573,Starlin,Lyptrade,slyptradefw@hexun.com,Female,141.94.15.105
574,Kara,Zolini,kzolinifx@webmd.com,Female,200.176.4.53
575,Katya,Gavrieli,kgavrielify@si.edu,Female,214.177.182.99
576,Fidela,Sisse,fsissefz@mozilla.com,Non-binary,216.123.105.123
577,Joletta,Mc Queen,jmcqueeng0@google.pl,Female,176.111.211.93
578,Manolo,McTurley,mmcturleyg1@skype.com,Male,168.255.242.190
579,Dov,Lytlle,dlytlleg2@woothemes.com,Male,196.31.250.209
580,Neda,Gillis,ngillisg3@seesaa.net,Bigender,151.208.56.193
581,Seward,Brimman,sbrimmang4@dion.ne.jp,Genderqueer,24.189.44.253
582,Cyril,Pennigar,cpennigarg5@amazon.co.uk,Male,174.36.70.125
583,Giorgio,Pitsall,gpitsallg6@gizmodo.com,Male,122.112.112.9
584,Horatius,Nordass,hnordassg7@wufoo.com,Genderfluid,181.52.123.144
585,Naomi,Pratte,npratteg8@posterous.com,Female,222.178.186.72
586,Franklin,Mattocks,fmattocksg9@arstechnica.com,Male,187.246.70.9
587,Theresina,Mandy,tmandyga@nsw.gov.au,Female,124.46.127.120
588,Laetitia,McKelvey,lmckelveygb@apple.com,Female,204.30.184.162
589,Mommy,Boldt,mboldtgc@feedburner.com,Female,145.114.199.92
590,Brand,Claire,bclairegd@infoseek.co.jp,Genderqueer,105.98.129.7
591,Kasey,Menel,kmenelge@npr.org,Female,137.208.6.111
592,Poul,Cumberlidge,pcumberlidgegf@google.pl,Male,87.39.26.104
593,Hugh,Barry,hbarrygg@economist.com,Bigender,106.186.166.211
594,Wye,McKall,wmckallgh@rambler.ru,Male,175.72.119.233
595,Celestia,Cordeiro,ccordeirogi@cbsnews.com,Female,29.222.57.179
596,Agneta,Cheltnam,acheltnamgj@edublogs.org,Female,208.98.129.35
597,Noelyn,Ferraretto,nferrarettogk@google.es,Female,111.158.49.162
598,Darwin,Winterscale,dwinterscalegl@house.gov,Genderqueer,159.34.197.122
599,Hunfredo,Reilly,hreillygm@parallels.com,Male,51.125.111.233
600,Silas,Fellon,sfellongn@hostgator.com,Male,90.112.12.207
601,Candice,Argo,cargogo@friendfeed.com,Female,187.204.65.235
602,Lenette,Bilney,lbilneygp@digg.com,Female,220.253.223.234
603,Eirena,Bastick,ebastickgq@arizona.edu,Female,223.46.13.21
604,Lucais,Simmell,lsimmellgr@biglobe.ne.jp,Male,149.218.201.124
605,Yves,Foxen,yfoxengs@woothemes.com,Genderfluid,151.229.206.186
606,Berky,Crockatt,bcrockattgt@ycombinator.com,Male,88.149.162.252
607,Alejandro,Quiney,aquineygu@ning.com,Male,216.109.69.1
608,Sabina,Standbrooke,sstandbrookegv@w3.org,Female,252.54.19.14
609,Ax,Hawkwood,ahawkwoodgw@last.fm,Male,212.56.117.242
610,Jojo,Plet,jpletgx@harvard.edu,Female,199.170.62.15
611,Leodora,Shepeard,lshepeardgy@instagram.com,Female,48.171.123.124
612,Nickolai,Costell,ncostellgz@oracle.com,Male,84.124.252.33
613,Harris,Nelane,hnelaneh0@pinterest.com,Male,173.177.218.58
614,Austina,Sizzey,asizzeyh1@dailymotion.com,Female,100.147.78.45
615,Anette,Colly,acollyh2@mediafire.com,Female,75.138.137.101
616,Nero,Iverson,niversonh3@huffingtonpost.com,Male,17.73.23.62
617,Bret,Willoway,bwillowayh4@unesco.org,Male,229.182.139.150
618,Jaye,Starrs,jstarrsh5@nydailynews.com,Male,126.91.108.48
619,Joseph,Stovin,jstovinh6@disqus.com,Bigender,133.138.159.29
620,Rollie,Vergine,rvergineh7@oaic.gov.au,Male,0.190.38.28
621,Terra,Foxcroft,tfoxcrofth8@yahoo.com,Female,73.163.253.167
622,Wood,Duval,wduvalh9@devhub.com,Male,104.40.145.253
623,Kristofer,Jelk,kjelkha@mapy.cz,Non-binary,171.110.92.209
624,Jeannette,De Beauchamp,jdebeauchamphb@booking.com,Genderqueer,215.99.136.100
625,Helena,Godlee,hgodleehc@eventbrite.com,Female,181.157.163.95
626,Christi,Petrovic,cpetrovichd@sphinn.com,Female,216.88.96.92
627,Inigo,Avieson,iaviesonhe@economist.com,Agender,192.99.155.207
628,Ginger,Lissimore,glissimorehf@wufoo.com,Male,146.107.217.82
629,Zebadiah,Hanselmann,zhanselmannhg@spotify.com,Male,165.124.190.44
630,Stephi,Coales,scoaleshh@time.com,Female,136.81.42.46
631,Bettina,Schade,bschadehi@bigcartel.com,Female,218.172.153.1
632,Livvyy,Habershon,lhabershonhj@blogger.com,Female,168.150.68.146
633,Reggis,Gannan,rgannanhk@symantec.com,Male,31.197.240.249
634,Val,Lomond,vlomondhl@e-recht24.de,Male,9.83.105.65
635,Adelaide,Bowler,abowlerhm@technorati.com,Female,36.252.43.100
636,Marcella,Glenwright,mglenwrighthn@wsj.com,Genderfluid,221.119.34.185
637,Alexi,Wrankling,awranklingho@posterous.com,Female,100.207.116.3
638,Ches,Sprosson,csprossonhp@shareasale.com,Male,175.119.204.162
639,Zuzana,Epple,zepplehq@blinklist.com,Female,189.39.116.135
640,Modestia,Hodcroft,mhodcrofthr@biblegateway.com,Female,7.186.193.191
641,Tremayne,Britee,tbriteehs@arizona.edu,Male,181.1.149.13
642,Bobbe,Coil,bcoilht@who.int,Genderfluid,137.220.238.128
643,Harriott,Bracegirdle,hbracegirdlehu@meetup.com,Female,161.80.217.42
644,Allyson,Clute,aclutehv@sciencedirect.com,Female,143.27.68.144
645,Bear,Blatchford,bblatchfordhw@google.com,Male,103.43.9.65
646,Shellie,Trolley,strolleyhx@elpais.com,Female,20.173.157.15
647,Bordy,Boler,bbolerhy@ftc.gov,Male,9.196.59.108
648,Baird,Belchamber,bbelchamberhz@ustream.tv,Male,161.59.84.20
649,Leland,Kestin,lkestini0@princeton.edu,Male,158.67.172.124
650,Kipper,Keatch,kkeatchi1@360.cn,Male,103.220.65.161
651,Rollie,Codner,rcodneri2@privacy.gov.au,Male,12.162.235.148
652,Bertrando,Dorkins,bdorkinsi3@chron.com,Male,208.188.48.17
653,Byron,Lockyear,blockyeari4@sogou.com,Male,214.148.79.172
654,King,Burrass,kburrassi5@boston.com,Male,109.234.61.42
655,Gilbertine,Forrest,gforresti6@csmonitor.com,Female,121.91.166.124
656,Cristen,Ferrey,cferreyi7@drupal.org,Female,113.156.177.68
657,Ken,Drance,kdrancei8@blogger.com,Male,248.43.244.25
658,Rica,Sebring,rsebringi9@statcounter.com,Female,30.210.160.170
659,Joshia,Cossor,jcossoria@imageshack.us,Male,212.238.171.177
660,Morgana,Worviell,mworviellib@salon.com,Genderfluid,1.69.228.18
661,Ethel,Daviot,edaviotic@fastcompany.com,Female,145.83.24.200
662,Rhianna,Hylden,rhyldenid@g.co,Female,99.187.224.67
663,Lars,Bradnock,lbradnockie@imageshack.us,Male,204.229.215.33
664,Leoline,Gingell,lgingellif@nationalgeographic.com,Female,26.29.71.173
665,Tatum,LaBastida,tlabastidaig@elegantthemes.com,Polygender,210.205.7.112
666,Howie,Stillgoe,hstillgoeih@sciencedirect.com,Bigender,89.161.130.183
667,Matias,Merali,mmeraliii@sogou.com,Non-binary,170.59.246.192
668,Daria,Cameli,dcameliij@pen.io,Female,168.222.201.149
669,Michell,Godridge,mgodridgeik@state.tx.us,Female,47.201.208.6
670,Vevay,Scathard,vscathardil@hibu.com,Female,112.121.0.124
671,Pietrek,Husthwaite,phusthwaiteim@elpais.com,Male,135.45.177.224
672,Reamonn,Dyett,rdyettin@i2i.jp,Male,149.3.250.173
673,Danell,Joao,djoaoio@mail.ru,Female,231.192.28.75
674,Vernon,Banisch,vbanischip@lulu.com,Male,248.173.195.91
675,Read,Simeone,rsimeoneiq@harvard.edu,Male,28.35.133.69
676,Derick,Perillo,dperilloir@biblegateway.com,Male,210.74.20.138
677,Bancroft,Gravenor,bgravenoris@cbc.ca,Male,112.156.222.29
678,Jarred,Dansie,jdansieit@nhs.uk,Male,7.253.204.18
679,Darrel,Sherston,dsherstoniu@washingtonpost.com,Male,250.237.70.85
680,Neely,Turbayne,nturbayneiv@yale.edu,Female,165.104.116.248
681,Kirsti,Darrach,kdarrachiw@patch.com,Female,125.181.86.1
682,Ardra,Hassan,ahassanix@tinyurl.com,Female,118.251.227.185
683,Chandler,Bortolomei,cbortolomeiiy@histats.com,Male,6.69.94.51
684,Hewett,Lowrance,hlowranceiz@123-reg.co.uk,Male,59.204.198.149
685,Bruis,Dellar,bdellarj0@symantec.com,Male,119.3.159.102
686,Derry,Bris,dbrisj1@comsenz.com,Male,150.208.185.162
687,Randall,Huot,rhuotj2@furl.net,Male,117.222.122.61
688,Kinna,Tregian,ktregianj3@un.org,Female,47.243.155.102
689,Roddy,Union,runionj4@newsvine.com,Genderqueer,245.11.65.3
690,Sorcha,Inett,sinettj5@sogou.com,Female,115.254.31.84
691,Stepha,Salter,ssalterj6@jiathis.com,Female,73.131.48.16
692,Winnifred,Rodrig,wrodrigj7@utexas.edu,Female,84.225.201.246
693,Cullan,Newark,cnewarkj8@domainmarket.com,Male,157.105.66.52
694,Audrye,Keymar,akeymarj9@deliciousdays.com,Female,71.230.191.198
695,Jacinta,Rapson,jrapsonja@yahoo.com,Female,243.156.252.186
696,Melany,Peckett,mpeckettjb@answers.com,Female,135.176.71.179
697,Jenelle,Plitz,jplitzjc@mlb.com,Female,5.68.214.209
698,Shawnee,Bourthoumieux,sbourthoumieuxjd@fda.gov,Female,126.229.102.245
699,Wally,Morsey,wmorseyje@ifeng.com,Female,132.154.153.33
700,Layla,Tchaikovsky,ltchaikovskyjf@upenn.edu,Female,132.230.180.167
701,Daisy,Eastope,deastopejg@hhs.gov,Female,186.21.55.168
702,Magdalen,Davydzenko,mdavydzenkojh@gnu.org,Female,18.255.230.111
703,Elysee,Gill,egillji@ezinearticles.com,Female,196.152.116.202
704,Charlena,Cockhill,ccockhilljj@themeforest.net,Female,4.18.77.72
705,Ezri,Gorton,egortonjk@ning.com,Male,63.239.15.60
706,Netti,Beven,nbevenjl@slate.com,Female,253.210.148.97
707,Brooks,Haggas,bhaggasjm@pcworld.com,Male,137.175.64.133
708,Salvidor,Stevenson,sstevensonjn@networksolutions.com,Male,26.152.21.143
709,Peg,Hazeldene,phazeldenejo@cbsnews.com,Polygender,8.158.87.110
710,Edee,Scotchmor,escotchmorjp@dmoz.org,Female,22.17.6.81
711,Ninnetta,Chippindall,nchippindalljq@behance.net,Genderfluid,116.181.158.146
712,Ced,O'Dunneen,codunneenjr@deviantart.com,Male,161.170.43.183
713,Jana,Gregon,jgregonjs@icio.us,Female,147.109.41.102
714,Daron,Peterkin,dpeterkinjt@disqus.com,Female,55.210.31.173
715,Mellisent,Gergus,mgergusju@webs.com,Bigender,11.222.190.86
716,Adriena,Realph,arealphjv@furl.net,Female,227.54.251.250
717,Fayth,Morston,fmorstonjw@state.gov,Female,95.135.76.56
718,Arel,Glashby,aglashbyjx@soundcloud.com,Male,60.211.208.69
719,Seka,Cashin,scashinjy@shinystat.com,Female,108.119.94.220
720,Debora,Pasmore,dpasmorejz@csmonitor.com,Female,252.77.251.98
721,Kingston,Stute,kstutek0@bbc.co.uk,Male,233.8.60.239
722,Neall,Mattityahou,nmattityahouk1@apache.org,Male,72.87.95.105
723,Larisa,Gent,lgentk2@indiegogo.com,Female,130.101.214.62
724,Dyanna,Jumeau,djumeauk3@studiopress.com,Female,155.7.183.86
725,Hettie,Groucutt,hgroucuttk4@prweb.com,Female,241.193.27.74
726,Quent,Critchley,qcritchleyk5@bluehost.com,Male,204.138.131.68
727,Lorenzo,Musicka,lmusickak6@vkontakte.ru,Male,24.108.163.233
728,Falkner,Huthart,fhuthartk7@simplemachines.org,Male,72.14.53.245
729,Dieter,Schultze,dschultzek8@reuters.com,Genderfluid,39.40.127.142
730,Lane,O'Duane,loduanek9@usgs.gov,Male,43.54.135.112
731,Dora,Purches,dpurcheska@blog.com,Female,189.227.144.148
732,Willette,Fallens,wfallenskb@cdc.gov,Female,46.72.171.218
733,Angeli,Clementi,aclementikc@dailymotion.com,Male,43.152.105.63
734,Claudia,Bridywater,cbridywaterkd@hugedomains.com,Female,205.112.235.206
735,Milena,Turl,mturlke@yelp.com,Female,144.104.69.111
736,Brnaby,Mordey,bmordeykf@census.gov,Male,131.150.111.23
737,Amber,O'Glessane,aoglessanekg@usnews.com,Female,36.87.48.243
738,Tana,Yallowley,tyallowleykh@jugem.jp,Female,43.210.124.249
739,Midge,Vearncomb,mvearncombki@jiathis.com,Female,251.124.94.196
740,Lorene,Mogford,lmogfordkj@hugedomains.com,Female,175.250.45.29
741,Valery,Creyke,vcreykekk@google.ru,Female,52.14.196.12
742,Jacquelin,Nicely,jnicelykl@tinypic.com,Female,32.65.157.3
743,Ara,Davydoch,adavydochkm@homestead.com,Male,160.158.123.31
744,Garnet,Bredbury,gbredburykn@scribd.com,Agender,21.190.185.89
745,Anallise,Rammell,arammellko@theguardian.com,Female,69.33.255.230
746,Talya,Synke,tsynkekp@weather.com,Female,62.254.138.37
747,Glenn,Josuweit,gjosuweitkq@hao123.com,Male,84.170.181.162
748,Merilee,Canny,mcannykr@icio.us,Polygender,185.141.163.198
749,Olly,Bardwell,obardwellks@discovery.com,Female,211.41.168.97
750,Kellyann,Goldis,kgoldiskt@soup.io,Female,248.141.129.21
751,Simone,Hedaux,shedauxku@meetup.com,Male,22.21.190.189
752,Fanya,Gambie,fgambiekv@google.com.br,Bigender,57.74.112.123
753,Modesty,Shippard,mshippardkw@yahoo.co.jp,Female,170.206.29.181
754,Edouard,Landa,elandakx@posterous.com,Male,11.209.86.66
755,Stacee,Ech,sechky@list-manage.com,Female,244.12.103.151
756,Ana,Bomb,abombkz@amazon.co.jp,Agender,16.233.93.96
757,Jana,Pither,jpitherl0@tumblr.com,Genderqueer,50.129.189.203
758,Chaunce,MacCroary,cmaccroaryl1@cargocollective.com,Male,141.121.160.195
759,Lula,Hallihan,lhallihanl2@scribd.com,Female,44.246.33.65
760,Langston,Ivakhin,livakhinl3@wufoo.com,Male,27.255.39.107
761,Cynthie,Kunzelmann,ckunzelmannl4@google.co.uk,Female,247.76.197.32
762,Olin,Blaszczynski,oblaszczynskil5@scribd.com,Male,192.166.216.178
763,Isidora,Babar,ibabarl6@studiopress.com,Female,48.79.228.200
764,Herminia,Stiger,hstigerl7@flickr.com,Female,111.197.19.141
765,Adelina,Bulman,abulmanl8@hexun.com,Female,104.235.227.210
766,Tillie,Belsher,tbelsherl9@jalbum.net,Female,211.13.108.226
767,Patin,Longrigg,plongriggla@alibaba.com,Male,15.186.67.99
768,Torr,Beynon,tbeynonlb@msu.edu,Male,65.180.20.248
769,Siouxie,Evreux,sevreuxlc@mit.edu,Female,62.85.114.79
770,Briny,Janca,bjancald@odnoklassniki.ru,Female,29.135.208.225
771,Dulcie,Brandsma,dbrandsmale@skype.com,Genderfluid,2.70.32.154
772,Charmine,Fairlamb,cfairlamblf@last.fm,Female,159.7.30.124
773,Addie,Grigson,agrigsonlg@networksolutions.com,Female,234.76.123.76
774,Kendall,Stringer,kstringerlh@sun.com,Male,29.242.144.40
775,Zebulen,Motto,zmottoli@livejournal.com,Male,12.8.122.95
776,Clyve,Karpushkin,ckarpushkinlj@tripadvisor.com,Male,194.196.61.195
777,Lynette,Ward,lwardlk@accuweather.com,Female,48.189.46.146
778,Ealasaid,Rourke,erourkell@virginia.edu,Female,49.238.104.252
779,Arnoldo,Heathorn,aheathornlm@mapquest.com,Male,39.254.173.222
780,Lorita,Delhay,ldelhayln@upenn.edu,Female,74.124.7.159
781,Calvin,Pledger,cpledgerlo@chronoengine.com,Male,229.120.166.69
782,Kinnie,Graundisson,kgraundissonlp@1688.com,Male,197.203.179.146
783,Pennie,Wager,pwagerlq@unesco.org,Male,37.151.191.181
784,Cris,Chattoe,cchattoelr@archive.org,Female,255.97.100.56
785,Enoch,Seage,eseagels@bravesites.com,Male,254.40.226.79
786,Svend,Heditch,sheditchlt@weebly.com,Male,141.89.109.134
787,Briant,Sandeson,bsandesonlu@desdev.cn,Male,62.198.180.190
788,Deck,Geake,dgeakelv@tuttocitta.it,Male,90.255.216.78
789,Donalt,Comben,dcombenlw@pcworld.com,Male,22.41.255.58
790,Lily,Laible,llaiblelx@eventbrite.com,Genderfluid,236.64.56.165
791,Nikkie,Hiner,nhinerly@hud.gov,Female,229.94.31.161
792,Donnell,Domico,ddomicolz@twitpic.com,Male,254.8.181.155
793,Willey,Davidovitch,wdavidovitchm0@un.org,Male,170.32.253.251
794,Zedekiah,Freezor,zfreezorm1@senate.gov,Male,163.206.70.85
795,Graham,Guilliland,gguillilandm2@wordpress.com,Male,110.253.235.226
796,Cort,Scoggan,cscogganm3@nature.com,Male,220.210.170.168
797,Tory,Broadfoot,tbroadfootm4@discuz.net,Genderfluid,251.148.49.127
798,Brenden,Hrus,bhrusm5@slate.com,Male,224.239.99.201
799,Zilvia,Terrey,zterreym6@gmpg.org,Female,7.186.159.181
800,Wolf,Maudsley,wmaudsleym7@vinaora.com,Male,183.31.65.106
801,Cori,Bacup,cbacupm8@businesswire.com,Male,97.236.136.88
802,Kermy,Leyborne,kleybornem9@unblog.fr,Genderqueer,178.226.32.4
803,Blaire,Kinahan,bkinahanma@blogspot.com,Female,110.8.112.122
804,Linnea,Eyckel,leyckelmb@phoca.cz,Female,243.149.22.113
805,Olly,Clemonts,oclemontsmc@w3.org,Male,188.198.238.216
806,Franny,Burgon,fburgonmd@de.vu,Genderfluid,35.84.82.241
807,Yolande,Bartolommeo,ybartolommeome@salon.com,Female,9.72.17.11
808,Lissie,Kilcullen,lkilcullenmf@ucoz.com,Female,44.206.100.152
809,Willi,Ffrench,wffrenchmg@mapquest.com,Female,215.115.231.61
810,Kasey,Bartolomivis,kbartolomivismh@cbc.ca,Female,61.126.212.33
811,Vernen,Guile,vguilemi@jalbum.net,Male,150.142.23.215
812,Ophelia,Darragon,odarragonmj@rambler.ru,Female,171.183.74.12
813,Beauregard,Cartner,bcartnermk@comcast.net,Male,205.87.89.242
814,Dory,Awdry,dawdryml@usgs.gov,Female,111.133.51.169
815,Martelle,Lisimore,mlisimoremm@tripadvisor.com,Female,111.169.104.206
816,Homer,Lettley,hlettleymn@arstechnica.com,Male,50.67.39.112
817,Dayna,O'Suaird,dosuairdmo@xing.com,Female,161.158.109.114
818,Ranique,Trounce,rtrouncemp@cdc.gov,Female,64.24.226.166
819,Jed,Sargood,jsargoodmq@squidoo.com,Male,47.92.124.13
820,Sindee,Pelman,spelmanmr@home.pl,Female,128.204.93.217
821,Thorpe,Kilby,tkilbyms@live.com,Male,14.39.100.67
822,Samuele,Ellacombe,sellacombemt@bbc.co.uk,Male,224.69.149.241
823,Tye,Weetch,tweetchmu@indiatimes.com,Male,2.9.3.93
824,Gradey,Kubat,gkubatmv@com.com,Male,89.154.12.176
825,Lida,Sporton,lsportonmw@cdbaby.com,Female,171.49.170.135
826,Vachel,Eskrigg,veskriggmx@paginegialle.it,Male,142.208.40.107
827,Anneliese,Voyce,avoycemy@alexa.com,Female,114.30.174.139
828,Rodrique,Rounsefull,rrounsefullmz@engadget.com,Male,66.155.250.155
829,Monty,Duhig,mduhign0@noaa.gov,Male,120.112.234.19
830,Matteo,M'Chirrie,mmchirrien1@nih.gov,Male,209.40.72.79
831,Ambrosius,Robertson,arobertsonn2@bluehost.com,Male,83.103.64.254
832,Candide,Hollington,chollingtonn3@buzzfeed.com,Female,103.0.193.87
833,Amil,Pottes,apottesn4@360.cn,Female,202.144.67.46
834,Kimberli,Matfin,kmatfinn5@friendfeed.com,Female,45.130.135.29
835,Pattie,Tillot,ptillotn6@sogou.com,Male,241.166.96.159
836,Sibel,Gethen,sgethenn7@paypal.com,Female,248.240.218.54
837,Shane,Pavinese,spavinesen8@biglobe.ne.jp,Non-binary,241.207.241.178
838,Issi,Ivel,iiveln9@utexas.edu,Female,172.102.90.130
839,Gretna,Glasscoe,gglasscoena@pcworld.com,Female,204.221.142.218
840,Trenna,Bonnell,tbonnellnb@amazonaws.com,Non-binary,71.228.159.84
841,Riane,Bodker,rbodkernc@netvibes.com,Female,68.23.4.64
842,Willie,Daine,wdainend@miitbeian.gov.cn,Male,68.79.98.49
843,Gilligan,Tute,gtutene@latimes.com,Female,62.9.56.45
844,Aldrich,Beden,abedennf@census.gov,Male,132.70.132.164
845,Dominic,Loades,dloadesng@youtu.be,Male,107.203.153.220
846,Laurie,Fowle,lfowlenh@arstechnica.com,Male,173.65.235.203
847,Adrien,Beckson,abecksonni@nifty.com,Male,85.204.16.8
848,Sidnee,Lynam,slynamnj@devhub.com,Polygender,137.0.140.28
849,Aldwin,Gall,agallnk@so-net.ne.jp,Male,88.167.38.113
850,Stoddard,Sekulla,ssekullanl@networksolutions.com,Female,45.48.111.181
851,Rosalinda,Haldane,rhaldanenm@comcast.net,Female,141.183.185.239
852,Raynard,Courtney,rcourtneynn@wix.com,Male,153.141.103.115
853,Eden,Liddyard,eliddyardno@chronoengine.com,Female,102.4.204.60
854,Melodee,Withull,mwithullnp@hostgator.com,Female,198.73.204.37
855,Frederick,Allmark,fallmarknq@google.com.br,Male,127.34.122.137
856,Tatiana,Lidgey,tlidgeynr@privacy.gov.au,Female,39.249.228.172
857,Greta,Marusik,gmarusikns@bloglines.com,Female,228.28.43.104
858,Bobbee,Kalinowsky,bkalinowskynt@mapquest.com,Female,184.153.131.62
859,Gene,Kerswill,gkerswillnu@hubpages.com,Male,131.169.254.110
860,Hunfredo,Mariette,hmariettenv@sbwire.com,Male,158.198.95.176
861,Jone,Wellan,jwellannw@desdev.cn,Male,53.188.28.214
862,Aldo,Barwise,abarwisenx@columbia.edu,Male,137.166.126.89
863,Melamie,Bastable,mbastableny@bravesites.com,Female,231.145.218.143
864,Naomi,Tuison,ntuisonnz@cnet.com,Female,155.187.63.24
865,Gilda,Lantry,glantryo0@engadget.com,Female,238.210.92.220
866,Mair,Trumble,mtrumbleo1@t.co,Female,30.108.195.185
867,Gaultiero,Bottoner,gbottonero2@telegraph.co.uk,Male,86.65.98.231
868,Oswald,Stocken,ostockeno3@ucla.edu,Male,127.114.171.48
869,Cirilo,Mattityahou,cmattityahouo4@europa.eu,Male,173.153.249.162
870,Blair,Stace,bstaceo5@census.gov,Male,180.114.158.59
871,Anders,Luckes,aluckeso6@globo.com,Male,173.110.20.61
872,Cassi,Menguy,cmenguyo7@mail.ru,Female,76.36.146.127
873,Roxanne,O'Kerin,rokerino8@tinyurl.com,Genderqueer,10.155.70.79
874,Sax,Cristofolini,scristofolinio9@admin.ch,Non-binary,219.29.59.22
875,Jacquie,Farrent,jfarrentoa@cbsnews.com,Female,188.212.61.222
876,Basilius,Shuttleworth,bshuttleworthob@wisc.edu,Male,60.170.13.129
877,Merridie,Keemer,mkeemeroc@scribd.com,Female,140.180.17.237
878,Ellissa,Derges,edergesod@telegraph.co.uk,Female,120.155.215.40
879,Karine,Taylder,ktaylderoe@goo.gl,Female,130.50.126.229
880,Eugen,Thrift,ethriftof@shop-pro.jp,Male,179.143.245.116
881,Siward,Yearns,syearnsog@parallels.com,Male,168.32.91.154
882,Aigneis,Mulvey,amulveyoh@gizmodo.com,Female,25.206.33.213
883,Karylin,Bonallack,kbonallackoi@forbes.com,Female,253.139.48.191
884,Janean,Dufaur,jdufauroj@joomla.org,Female,203.53.108.253
885,Link,Collingridge,lcollingridgeok@pbs.org,Non-binary,98.6.86.196
886,Idette,Eustis,ieustisol@google.fr,Female,32.67.97.2
887,Fae,Stammers,fstammersom@yolasite.com,Female,29.255.231.237
888,Berkly,Reede,breedeon@twitpic.com,Non-binary,231.160.241.58
889,Elmer,Prosh,eproshoo@cyberchimps.com,Male,11.201.30.71
890,Uriah,Lambert,ulambertop@deliciousdays.com,Male,144.3.158.251
891,Sigismundo,Titcombe,stitcombeoq@angelfire.com,Male,142.9.186.9
892,Kenn,Devita,kdevitaor@lulu.com,Male,251.164.93.116
893,Hiram,Iacabucci,hiacabuccios@bbc.co.uk,Male,73.98.104.115
894,Joyann,Jerrems,jjerremsot@flavors.me,Female,217.43.158.106
895,Pam,Hildred,phildredou@creativecommons.org,Female,201.216.131.176
896,Iolande,Stove,istoveov@mlb.com,Female,123.185.20.2
897,Federico,Matus,fmatusow@google.pl,Male,161.88.116.120
898,Etienne,Schistl,eschistlox@rediff.com,Male,200.28.26.220
899,Hodge,Bertwistle,hbertwistleoy@myspace.com,Male,233.26.107.106
900,Brena,Arminger,barmingeroz@newyorker.com,Female,117.195.137.83
901,Ches,Gopsell,cgopsellp0@diigo.com,Male,195.54.19.167
902,Vilma,Fragino,vfraginop1@stanford.edu,Agender,236.112.88.108
903,Pauly,Crampton,pcramptonp2@dagondesign.com,Female,53.223.202.174
904,Stillman,Mithon,smithonp3@rediff.com,Male,6.130.93.73
905,Tanitansy,Castri,tcastrip4@alexa.com,Female,227.139.92.223
906,Sigfrid,Toope,stoopep5@time.com,Male,231.109.45.209
907,Ilario,Cowoppe,icowoppep6@bandcamp.com,Male,90.201.252.86
908,Mervin,Eim,meimp7@meetup.com,Male,84.87.193.51
909,Gill,Lorent,glorentp8@mac.com,Female,35.253.85.200
910,Marlie,Leverington,mleveringtonp9@histats.com,Female,178.24.4.87
911,Ryon,Lude,rludepa@ning.com,Male,206.65.125.85
912,Yanaton,Minthorpe,yminthorpepb@aol.com,Male,173.204.44.126
913,Dore,Jackling,djacklingpc@gmpg.org,Male,22.109.205.43
914,Bren,La Croce,blacrocepd@illinois.edu,Female,229.129.12.60
915,Grantley,St Angel,gstangelpe@hc360.com,Male,69.252.54.142
916,Jenilee,Blesing,jblesingpf@networkadvertising.org,Female,72.32.189.119
917,Pattin,Luttger,pluttgerpg@1688.com,Male,243.124.153.118
918,Charleen,Andrieu,candrieuph@europa.eu,Female,216.238.172.245
919,Pennie,Romei,promeipi@eepurl.com,Female,254.182.133.220
920,Jodie,Martynikhin,jmartynikhinpj@shareasale.com,Male,239.144.31.109
921,Tamqrah,Symons,tsymonspk@hatena.ne.jp,Female,73.186.167.80
922,Oswell,Suerz,osuerzpl@mapy.cz,Male,58.29.76.107
923,Haskell,Seamen,hseamenpm@about.com,Male,162.113.7.206
924,Jessey,Di Pietro,jdipietropn@nhs.uk,Male,44.152.43.155
925,Sheela,Erwin,serwinpo@geocities.jp,Female,219.214.62.2
926,Holmes,Wolfe,hwolfepp@cafepress.com,Male,33.123.221.119
927,Flinn,Babar,fbabarpq@bing.com,Genderfluid,254.182.203.188
928,Vicky,Longhurst,vlonghurstpr@statcounter.com,Female,232.251.241.64
929,Sophia,Orpin,sorpinps@squidoo.com,Female,25.4.147.227
930,Cary,Cartmill,ccartmillpt@illinois.edu,Female,40.30.159.236
931,Elissa,Ioan,eioanpu@ucla.edu,Female,85.18.64.218
932,Gay,Opdenort,gopdenortpv@narod.ru,Female,60.28.97.188
933,Adolphus,Goodchild,agoodchildpw@feedburner.com,Male,247.191.143.51
934,Harwell,Gilhooley,hgilhooleypx@patch.com,Male,94.209.59.144
935,Penrod,Simic,psimicpy@ning.com,Agender,254.15.221.183
936,Madalena,O'Hoey,mohoeypz@google.de,Female,189.252.247.110
937,Taddeusz,Doone,tdooneq0@delicious.com,Male,106.139.167.113
938,Price,Beardshaw,pbeardshawq1@jugem.jp,Male,109.91.140.115
939,Curtis,Titterton,ctittertonq2@boston.com,Male,87.46.182.230
940,Geoffry,Castanos,gcastanosq3@biblegateway.com,Male,143.206.66.181
941,Dewey,Heymes,dheymesq4@list-manage.com,Male,58.106.130.201
942,Giuseppe,Sabberton,gsabbertonq5@etsy.com,Male,41.61.169.251
943,Nikolai,Plaid,nplaidq6@liveinternet.ru,Bigender,117.1.255.135
944,Mara,Doerr,mdoerrq7@forbes.com,Female,16.94.233.161
945,Lonni,Balcers,lbalcersq8@nasa.gov,Female,89.100.73.36
946,Ann-marie,Cottom,acottomq9@icq.com,Female,154.240.35.153
947,Janetta,Lobb,jlobbqa@nationalgeographic.com,Female,19.225.214.74
948,Alphard,Athow,aathowqb@marriott.com,Male,117.239.224.159
949,Mufi,Siggins,msigginsqc@unicef.org,Female,195.21.213.177
950,Lucias,Lelliott,llelliottqd@dion.ne.jp,Male,101.93.43.107
951,Addie,Kinchin,akinchinqe@usgs.gov,Male,255.2.90.213
952,Edan,Klempke,eklempkeqf@craigslist.org,Male,40.40.54.60
953,Stanislas,Dufton,sduftonqg@qq.com,Male,83.173.234.136
954,Amerigo,Signore,asignoreqh@blinklist.com,Male,225.48.102.19
955,Lydia,Gidney,lgidneyqi@ucoz.ru,Female,248.9.200.255
956,Rhody,Edgley,redgleyqj@irs.gov,Agender,25.29.144.64
957,Josh,MacGinlay,jmacginlayqk@stumbleupon.com,Male,120.26.30.92
958,Abbe,Hassall,ahassallql@loc.gov,Female,42.144.116.128
959,Barton,Keri,bkeriqm@woothemes.com,Male,32.73.250.57
960,Binnie,Channer,bchannerqn@xinhuanet.com,Female,214.95.22.241
961,Karilynn,Gristwood,kgristwoodqo@salon.com,Female,192.179.109.205
962,Berta,Sprakes,bsprakesqp@hugedomains.com,Female,190.221.2.168
963,Robbert,Atheis,ratheisqq@rambler.ru,Male,253.51.160.210
964,Tan,Padrick,tpadrickqr@bbb.org,Non-binary,37.204.241.216
965,Towney,Renshall,trenshallqs@home.pl,Male,2.10.223.106
966,Loralyn,Meiner,lmeinerqt@europa.eu,Genderfluid,165.52.21.6
967,Flossie,Trueman,ftruemanqu@gmpg.org,Female,34.48.147.55
968,Jasen,Featenby,jfeatenbyqv@npr.org,Male,109.189.56.179
969,Turner,Sampson,tsampsonqw@goo.gl,Male,8.223.133.19
970,Alvinia,Lanfere,alanfereqx@salon.com,Female,92.123.204.63
971,Rolland,McGilvray,rmcgilvrayqy@unblog.fr,Agender,224.47.160.253
972,Hesther,Oxtaby,hoxtabyqz@wufoo.com,Female,109.192.137.10
973,Gerladina,Olivari,golivarir0@i2i.jp,Non-binary,12.127.88.229
974,Britte,De Mattia,bdemattiar1@sohu.com,Female,9.149.221.213
975,Waylin,Huton,whutonr2@nsw.gov.au,Male,213.130.208.161
976,Candra,Broz,cbrozr3@gov.uk,Female,190.167.253.63
977,Cori,Hillin,chillinr4@themeforest.net,Female,75.148.249.205
978,Lucas,Botte,lbotter5@illinois.edu,Male,128.29.237.118
979,Toma,Emilien,temilienr6@newsvine.com,Female,45.251.73.108
980,Rosanna,Snelgrove,rsnelgrover7@nifty.com,Female,32.178.115.125
981,Pandora,Zwicker,pzwickerr8@jimdo.com,Female,10.224.234.135
982,Evonne,Thomlinson,ethomlinsonr9@facebook.com,Female,93.144.209.120
983,Frank,Whines,fwhinesra@theguardian.com,Female,33.12.137.138
984,Wadsworth,Wroe,wwroerb@toplist.cz,Male,116.226.177.126
985,Arda,Able,aablerc@e-recht24.de,Female,1.168.235.215
986,Ollie,Lomasney,olomasneyrd@businesswire.com,Male,217.21.122.192
987,Nomi,Defew,ndefewre@amazon.co.jp,Bigender,210.69.94.34
988,Charmion,Quinlan,cquinlanrf@zdnet.com,Female,175.219.1.240
989,Doy,Hampson,dhampsonrg@free.fr,Genderqueer,149.136.215.97
990,Rockie,Iannello,riannellorh@artisteer.com,Male,142.250.132.166
991,Marla,Oldroyde,moldroyderi@sina.com.cn,Female,186.12.152.198
992,Orelee,Akram,oakramrj@vkontakte.ru,Female,60.84.68.32
993,Joanie,Finci,jfincirk@scribd.com,Female,251.117.206.150
994,Davina,Pietraszek,dpietraszekrl@independent.co.uk,Female,162.84.133.184
995,Halie,Dodgson,hdodgsonrm@stumbleupon.com,Female,0.176.75.186
996,Raine,Lincke,rlinckern@mapy.cz,Female,87.100.127.175
997,Elmo,Antonowicz,eantonowiczro@admin.ch,Male,96.3.82.215
998,Roby,Tallow,rtallowrp@typepad.com,Female,224.141.187.118
999,Yale,Hillatt,yhillattrq@senate.gov,Bigender,185.232.10.60
1000,Janis,Cresar,jcresarrr@pcworld.com,Female,236.43.217.89
